company,website,emails,phones,campaign_type,recommended_subject,first_email_angle,seminar_fit,sales_stage,follow_up_priority,follow_up_days
northernalbertafunerals.com,https://northernalbertafunerals.com,"chapelhp@cofm.ca, chapelpr@cofm.ca, mclennan153@hotmail.com","+1-800-778-7879, 780-624-2686, 800) 952-5210, 801) 682-4391, 801-682-4391",Qualified Funeral Industry Prospect,,,0,Sales Qualified Lead,,
legacyfuneralhome.ca,https://legacyfuneralhome.ca,"legacycardston@gmail.com, rememberingjuleesmall@outlook.com","403) 653-3222, 403) 653-3677, 403-653-3222",Research Prospect,,,0,Nurture Candidate,,
connelly-mckinley.com,https://connelly-mckinley.com,info@connelly-mckinley.com,"+17789022370, +17803770277, +17804222222, +17804245493, +17804420974, +17804582222, +17804591500, +17804670971, +17804682222, +17804729007, +17804891602, +17805900626, +17809909738, +18002554786, +18002779914, +18002779915, 1-800-255-4786, 1-800-277-9914, 1-800-277-9915, 1800-277-9914, 3075904900, 5253850337, 54-4160-8394, 587) 604-6543, 700-0553-449, 778-902-2370, 780) 377-0277, 780) 422-2222, 780) 422-7330, 780) 424-5493, 780) 442-0974, 780) 458-2222, 780) 459-1500, 780) 460-9715, 780) 467-0971, 780) 468-2222, 780) 468-4286, 780) 472-9007, 780) 488-2012, 780) 489-1602, 780) 990-9738, 780-422-2222, 780-468-2222, 780-590-0626, 780-758-4433, 86380-0175-4, 89-8356-4682",High Priority Grief Seminar Prospect,,,0,Research Required,,
westlockfuneralhome.com,https://westlockfuneralhome.com,,"+17803493474, 3156368136, 780) 349-3474",Qualified Funeral Industry Prospect,,,0,Nurture Candidate,,
northernlightsfs.ca,https://northernlightsfs.ca,,"+17808266083, +18889266083, 1 (888) 926-6083, 3187733648, 3192882767, 36711546-98, 780) 826-6083",Research Prospect,,,0,Nurture Candidate,,
rockyfuneralhome.ca,https://rockyfuneralhome.ca,,403) 845-2626,Qualified Funeral Industry Prospect,,,0,Nurture Candidate,,
cochranecountryfuneral.ca,https://cochranecountryfuneral.ca,,"+1-800-778-7879, 403-217-3700, 403-221-3660, 403-263-4525, 403-266-1234, 403-266-2911, 403-285-0660, 403-297-1700, 403-652-2110, 403-851-2500, 403-932-1039, 403-932-2944, 403-934-3133, 403-938-8958, 403-944-2274, 403-955-8011, 800) 952-5210, 801) 682-4391, 801-682-4391",High Priority Grief Seminar Prospect,,,0,Nurture Candidate,,
southlandfuneral.com,https://southlandfuneral.com,"_darryl@southlandfuneral.com, _scott@southlandfuneral.com, darryl@southlandfuneral.com, scott@southlandfuneral.com","1-403-297-6511, 1-506-533-5518, 1-780-422-0102, 1-800-272-8864, 1-800-277-9914, 1-866-644-5135, 1800-561-7930, 3173476628, 403) 223-8778",Qualified Funeral Industry Prospect,,,0,Nurture Candidate,,
tributearchive.com,https://tributearchive.com,"copyright@tributetech.com, privacy@tributetech.com","1-833-303-1880, 527-4059-857, 866-303-1880",Qualified Funeral Industry Prospect,,,0,Nurture Candidate,,
creechsfh.ca,https://creechsfh.ca,"admin@armoroflight.ca, wainwrightfoodbank1014@gmail.com","+17808424211, 1  
(780) 842-3297, 1  
(780) 842-3355, 1  
(780) 842-6166, 780) 842-2459, 780) 842-2799, 780) 842-4211, 855)-842-4218",Qualified Funeral Industry Prospect,,,0,Nurture Candidate,,
serenity.ca,https://serenity.ca,"choices@serenity.ca, fortsask@serenity.ca, info@serenity.ca, leduc@serenity.ca, prearrange@serenity.ca, help@cadenceco.com","+17803525300, +17804500101, +17809622749, +17809803688, +17809882929, +17809981422, 3159493837, 3160305496, 3160306813, 587) 599-1975, 587) 985-5462, 780) 314-8244, 780) 352-5300, 780) 352-8338, 780) 360-1670, 780) 430-7263, 780) 433-5084, 780) 435-2028, 780) 435-6611, 780) 437-2217, 780) 438-1222, 780) 438-1713, 780) 438-8852, 780) 450-0101, 780) 450-9248, 780) 462-1515, 780) 462-2101, 780) 465-4426, 780) 468-1985, 780) 496-6983, 780) 801-3580, 780) 887-0710, 780) 962-2543, 780) 962-2749, 780) 980-1282, 780) 980-3064, 780) 980-3688, 780) 986-0785, 780) 986-1055, 780) 986-1414, 780) 986-1455, 780) 986-1657, 780) 986-2038, 780) 986-2085, 780) 986-2688, 780) 986-3161, 780) 986-3253, 780) 986-3414, 780) 986-3447, 780) 986-3652, 780) 986-4119, 780) 986-5461, 780) 986-7855, 780) 986-9031, 780) 986-9299, 780) 987-2858, 780) 987-4323, 780) 988-1344, 780) 988-2929, 780) 990-4358, 780) 998-1422, 780) 998-1423",High Priority Grief Seminar Prospect,,,0,Research Required,,
prairierosefunerals.ca,https://prairierosefunerals.ca,,"1-403-216-5111, 14032165111",Research Prospect,,,0,Research Required,,
parklandfuneralhome.com,https://parklandfuneralhome.com,"jules@frontrunner360.com, support@frontrunner360.com","1-866-728-0681, 1-866-748-3625, 1825246193-7, 1838239463-3, 1845933536-8, 1850309440-5, 1850654445-3, 1859317918-7, 1862579089-5, 1867538226-3, 1899273516-8, 2119564097, 2139702282, 2150826440, 2169021653, 2173853957, 320386-1920, 403-340-4040, 403-746-2024, 403-885-1160, 403.340.4040, 4139462488, 4924368470, 5535663006, 800) 952-5210, 832052-1920, 8698850153, 9033767988",High Priority Grief Seminar Prospect,,,0,Research Required,,
heartlandfuneralservices.com,https://heartlandfuneralservices.com,"ifh@telus.net, jules@frontrunner360.com, ofh@telus.net, rcl@rcl105.ca, support@frontrunner360.com","1-866-728-0681, 1-866-748-3625, 320386-1920, 403-227-0006, 403-227-6437, 403-335-4773, 403-507-0018, 403.227.0006, 403.507.8610, 403.638.4393, 424949-1920, 800) 952-5210",Qualified Funeral Industry Prospect,,,0,Research Required,,
sunsetltd.ca,https://sunsetltd.ca,info@sunsetltd.ca,"+1-800-778-7879, 403) 546-3903, 403) 546-4428, 418731-1920, 6-4527-4726-8, 653-4218-980, 800) 952-5210, 801) 682-4391, 801-682-4391, 888) 546-3903, 8885463903",High Priority Grief Seminar Prospect,,,0,Research Required,,
mhfh.com,https://mhfh.com,"cf@mhfh.com, ch@mhfh.com, ds@mhfh.com, es@mhfh.com, fc@mhfh.com, info@mhfh.com, mhaccounting@mhfh.com, pm@mhfh.com, calgarypd@state.gov, rememberinggr@gmail.com, donations@rotarycs.org, donorservices@cancer.ab.ca, emmelman@freenet.calgary.ab.ca, info@cmha.calgary.ab.ca, info@mcinnisandholloway.com, olivebranch@mcinnisandholloway.com, trust@crha-health.ab.ca, victimsofcrime@gov.ab.ca","+14032030525, +14032213660, +14032289539, +14032410044, +14032438200, +14032488585, +14032555102, +14032569575, +14032762296, +14032925559, +14032990100, +14032990111, +14034271216, +14037300474, +14039481100, +16136927777, +17804277217, +18002779914, +18006611599, 1  
403-266-8962, 1 (800) 661-1599, 1-800-268-2144, 1-800-277-9914, 1-800-321-1433, 1-800-465-2425, 1-800-563-2450, 1-800-661-1599, 1-844-229-2468, 1-877-254-6460, 1-888-554-2267, 2775500783, 3152904655, 3153965974, 3154157924, 3154804886, 3155216163, 352) 771-2700, 403) 203-0525, 403) 205-3966, 403) 205-5294, 403) 212-1336, 403) 212-8070, 403) 216-9210, 403) 216-9215, 403) 220-8742, 403) 221-3660, 403) 228-2571, 403) 228-3001, 403) 228-3847, 403) 228-7778, 403) 228-7956, 403) 228-9539, 403) 229-4271, 403) 230-2764, 403) 231-6265, 403) 231-6294, 403) 232-7770, 403) 234-8860, 403) 237-7022, 403) 239-0030, 403) 239-9527, 403) 240-3000, 403) 241-0044, 403) 243-0691, 403) 243-2834, 403) 243-8200, 403) 244-7591, 403) 245-4666, 403) 245-9050, 403) 248-8585, 403) 250-7090, 403) 250-7722, 403) 252-3891, 403) 252-4839, 403) 253-2059, 403) 253-6961, 403) 254-6460, 403) 255-0295, 403) 255-5102, 403) 255-5577, 403) 255-6108, 403) 255-7100, 403) 256-9575, 403) 263-4525, 403) 264-5549, 403) 265-7437, 403) 266-0620, 403) 266-1271, 403) 266-4566, 403) 267-2968, 403) 267-2986, 403) 269-1319, 403) 269-8927, 403) 269-9888, 403) 270-2857, 403) 276-2296, 403) 276-3390, 403) 276-8028, 403) 282-6588, 403) 283-2025, 403) 283-3406, 403) 283-6323, 403) 290-0110, 403) 291-2551, 403) 292-5559, 403) 295-1811, 403) 297-0100, 403) 297-1700, 403) 299-0100, 403) 410-1111, 403) 427-1216, 403) 485-6085, 403) 508-2500, 403) 521-3433, 403) 543-1161, 403) 730-0474, 403) 777-3535, 403) 815-6243, 403) 943-0615, 403) 943-3406, 403) 948-1100, 403) 955-8818, 403)-543-1168, 403-200-7192, 403-203-0525, 403-241-0044, 403-243-8200, 403-256-9575, 403-262-7556, 403-265-9039, 403-266-5295, 403-276-2296, 403-299-0111, 403-306-0192, 403-932-4740, 4835977957, 5482584358, 613) 692-7777, 780) 447-2643, 780-422-4213, 780-427-7217, 780-488-6819, 780-488-7195, 800-267-9474, 905) 335-7100",High Priority Grief Seminar Prospect,,,0,Research Required,,
parkmemorial.com,https://parkmemorial.com,info@parkmemorial.com,"1-780-426-0050, 1-877-426-0050, 251208-1920, 260619-1920, 260716-1920, 262508-1920, 587-334-5573, 780-426-0050, 780-471-5231, 780-482-4357, 780-632-2000, 780-656-3839, 780-786-2533, 780-895-2157, 9660290102",High Priority Grief Seminar Prospect,,,0,Research Required,,
sfh.ca,https://sfh.ca,"joel@sfh.ca, kallie@sfh.ca, kelly@sfh.ca","+1-800-778-7879, 1-866-362-4652, 3176033486, 403) 362-4636, 403-362-2738, 403-362-4636, 403.362.4636, 403.501.8821, 403.501.9106, 800) 952-5210, 801) 682-4391, 801-682-4391",Qualified Funeral Industry Prospect,,,0,Research Required,,
